id,smiles,logld50,0_x,0_y,0
molid70,ClC=CCCl,4.552809270602311,5.7139974,5.1582284000000005,5.38323
molid597,O=C(O)CCC(=O)O,7.060024873741237,8.307622,7.251509700000001,7.205839999999999
molid1673,CC1CCCCN1N=O,6.396929655216146,6.5260763,5.6894735999999995,6.9969399999999995
molid1818,NC(Cc1ccc(N(CCCl)CCCl)cc1)C(=O)O,3.673705949013333,5.9536147,5.681669,6.44761
molid1841,CCN(CC)C(=S)S,7.178065351054246,6.19845,5.8908873,5.6011
molid1990,CC[P+](c1ccccc1)(c1ccccc1)c1ccccc1,4.833882609507529,5.9469330000000005,3.4600589999999998,6.1611
molid2442,CCCC1CC(C(=O)NC(C(C)Cl)C2OC(SC)C(O)C(O)C2O)N(C)C1,7.781786796462799,6.4085054,5.632503,6.7045
molid2484,O=C(O)CC(O)(CC(=O)O)C(=O)O,7.195385264031152,8.829134,7.455913499999999,7.31438
molid2591,Cc1cc(Cl)ccc1OCC(=O)O,6.752595156538838,6.5574894,5.7550116,6.81415
molid2650,O=C(O)COc1ccc(Cl)cc1Cl,6.282785223648532,6.349646599999999,6.288460700000001,6.6849300000000005
molid2722,CCCC(=O)c1ccc2c(c1)N(CCCN(C)C)c1ccccc1S2,5.703782474656202,6.28899,5.6624017,6.49407
molid2864,CC(C)(C)C1CCC(O)CC1,8.34283980427146,7.669334399999999,6.47639,7.124060000000001
molid3582,OC1C2C3OC3C1C1C2C2(Cl)C(Cl)=C(Cl)C1(Cl)C2(Cl)Cl,0.5288951470739273,4.694769,5.462617,5.91414
molid3776,NNc1nncc2ccccc12,4.8265506324140235,5.619021400000001,5.7011519999999996,6.51599
molid4144,C=CC(=O)NCC(OC)OC,7.089243155027512,7.0556984,5.6881156,7.349260000000001
molid4221,CCCCCCCCCCCCCCCCCC(=O)O,8.965850605296668,8.409588000000001,7.9641175,8.1142
molid4494,C[N+]1(CCC(O)(c2ccccc2)C2CCCCC2)CCCC1,6.892133769112171,6.047842,5.9467516,6.425680000000001
molid5034,Cc1ccc(N(CC2=NCCN2)c2cccc(O)c2)cc1,7.1308988302963465,5.942664,5.620246400000001,6.14821
molid5146,CNCC(O)c1ccc(O)c(O)c1,3.2896256060050506,6.9192715,5.89505,7.05605
molid5268,CN1CCC23c4c5ccc(O)c4OC2C(O)C=CC3C1C5,5.814130531825067,5.4890594,3.7127468999999995,6.4337
molid7312,Cc1ccc2c(c1)CC(=O)c1cc(C(C)C(=O)O)ccc1O2,4.990432586778736,5.8209504999999995,6.191267,6.25836
molid1,O=[N+]([O-])c1ccc(Cl)cc1,6.131226489483143,6.8079600000000005,5.1728597,6.69995
molid15,C=CC1CC=CCC1,7.377758908227872,7.011338,5.905510400000001,6.90525
molid20,O=Cc1ccccc1,7.170119543449628,6.841616999999999,6.2760563,6.6571
molid35,CCCCCCCCCCCCN=C(O)C[N+](C)(C)Cc1ccccc1,4.605170185988092,6.3733597,5.209045,7.97855
molid36,C1N2CN3CN1CN(C2)C3,9.126958763037134,4.9548373,5.7272015,7.2446600000000005
molid66,CCC12COP(=O)(OC1)OC2,1.1249295969854831,4.9349127,2.8595827000000003,
molid67,c1ccc(Oc2nncc3ccccc23)cc1,6.907755278982138,7.122614,6.0833755,6.40411
molid91,O=C(Nc1cccc(Cl)c1)OCC#CCCl,6.267200548541362,5.895275,6.458694,5.96099
molid95,CN(C)C(=O)Nc1ccccc1,8.764053269347762,7.6398034,5.8740172,6.55974
molid100,CC(C)Nc1ccc(Nc2ccccc2)cc1,6.579251212010101,7.1200333,6.221017,6.4589
molid106,c1ccc(Oc2ccccc2)cc1,7.8038433035387715,7.5907826,6.1122003,6.82165
molid112,CCOC(=O)Cc1ccccc1,8.101677747454572,7.707758,6.879902,6.67623
molid122,Cl[Si](Cl)(Cl)C1CC=CCC1,7.9480319906372845,6.838657,5.654559,6.26627
molid127,CC(CN)NCCO,8.501063809486354,7.396221000000001,6.0351696,7.483280000000001
molid137,CCOCC(Cl)C(OCC)OCC,7.1853870155804165,7.2122497999999995,6.500214,7.412319999999999
molid139,CC(CC(C)(C)O)OCCC#N,8.070906088787819,6.8627863,5.486579,7.583889999999999
molid141,CCCCC(CC)COCC(CC)CCCC,10.434115803598301,8.161764,7.6183834,8.011660000000001
molid144,COc1ccc(CN2CCN(C(c3ccc(F)cc3)c3ccc(F)cc3)CC2)c(OC)c1OC,5.726847747587197,6.4620924,4.576308999999999,6.249140000000001
molid145,CCN(CC)CCNC(=O)c1ccc(NS(C)(=O)=O)cc1,8.070906088787819,6.6791,6.5580419999999995,7.718260000000001
molid163,N=C(Nc1ccccc1)Nc1ccccc1,4.672828834461906,7.0434675,6.5349817,6.58678
molid164,O=C(Oc1ccccc1)Oc1ccccc1,7.3132203870903005,7.2286754,5.16251,6.733789999999999
molid180,CCC(CC)COCCC(=O)O,8.224163512637862,7.9857119999999995,7.5488057,7.45055
molid185,CCc1cnc(C(=O)O)c(C(=O)O)c1,8.117610746466228,8.865767,8.288762,6.608389999999999
molid218,CC(C)C(=O)OCc1ccccc1,7.955074273262698,7.8949300000000004,6.5099029999999996,7.06095
molid221,C1CN(SSN2CCOCC2)CCO1,8.366370301681654,8.067453,5.2369356,7.2676
molid229,c1ccc(COCc2ccccc2)cc1,7.824046010856294,7.578308,6.4530897000000005,7.155189999999999
molid266,CC(C)(N)Cc1ccccc1Cl,5.805134968916487,6.477784,5.8556867,6.47687
molid292,Cc1ccc(C=O)cc1,7.377758908227872,7.2759285,6.3635206,6.65592
molid294,CCc1ccc(C)nc1,5.908082938168932,6.6384144,5.945842,6.760439999999999
molid302,CCC(C)(O)CCc1ccccc1,7.989560449333865,7.382647500000001,6.984828500000001,7.144939999999999
molid307,ClCC(Cl)=C(Cl)Cl,5.857933154483459,5.7790956,5.4458470000000005,5.95297
molid345,Cc1ccc(O)c(C)c1,7.7406644019172415,7.2400910000000005,6.2236519999999995,6.719119999999999
molid368,C#CCOC(=O)C(C)Oc1ccc(Oc2ncc(Cl)cc2F)cc1,7.710205194432532,6.556186,4.354767,6.314690000000001
molid402,C=CC(=O)OCCC#N,5.1929568508902095,6.0450935,5.310798999999999,7.27992
molid411,BrCCBr,4.537961436294641,6.1129413,5.1688790000000004,5.603269999999999
molid433,C=C[Si](OCCOC)(OCCOC)OCCOC,7.992944547318107,6.830577000000001,6.245297,8.29882
molid434,CCO[Si](C)(CCCC#N)OCC,8.224163512637862,6.9054685,6.051366000000001,7.69791
molid446,CCCN,5.913503005638268,6.626586,5.3693647,7.39993
molid501,CC(C)CC(C)O,7.859413154693582,7.9118867,7.215194,7.0619
molid507,CC(=O)OC(C)=O,7.48436864328613,6.7542257,5.7160397000000005,6.78567
molid526,Clc1cc(Cl)cc(Cl)c1,6.684611727667928,7.313023599999999,5.2970123,6.05896
molid543,CCOP(=O)(OCC)SCC1(C)SCCS1,3.332204510175204,4.5747056,0.52107054,3.26795
molid568,CN(C)CCCN,7.533693709848633,6.3392897,5.372186,7.398289999999999
molid572,C=CCCC,8.433159195806228,6.82958,5.990282,7.06438
molid575,N#CCCO,8.070906088787819,6.2093086,6.0966225,7.08935
molid596,CC(=O)CCC(C)=O,7.638198244285777,7.490620599999999,6.670265700000001,7.087439999999999
molid599,CC(=O)OCC(C)C,9.503009985939002,7.872732000000001,6.122923999999999,7.268839999999999
molid618,OCC#CCO,4.6443908991413725,5.980843,7.2470837,7.3629
molid626,CCSSCC,7.615791072035832,5.9311894999999994,6.116381,6.28376
molid632,C1COCCN1,6.956545443151567,7.844963000000001,4.7874765,7.19176
molid640,CC(=O)C(NC(=O)C(C)C(O)C(C)NC(=O)C(NC(=O)c1nc(C(CC(N)=O)NCC(N)C(N)=O)nc(N)c1C)C(OC1OC(CO)C(O)C(O)C1(C)OC1OC(CO)C(O)C(O)(C(N)=O)C1O)c1cnc[nH]1)C(=O)NCCC1=NC(c2nc(C(N)=O)cs2)CS1,6.4754327167040895,10.493732000000001,7.1295532999999995,6.7320899999999995
molid667,CC(=O)OCCOCCOCCOC(C)=O,9.654641503869543,8.509646,7.350566000000001,7.83085
molid675,CCOCCCO,8.853665428037447,8.360006,7.4677677,7.5977
molid680,OCCOCCO,9.43886939556673,8.148767,7.342986,8.03304
molid686,CCCCCCC=O,8.070906088787819,8.332974,7.109709700000001,7.45305
molid692,C=CCCCCCCCCC(=O)OC,7.354362330421478,8.09037,6.860032,7.73561
molid702,N#CCCSCCC#N,8.345217926676428,6.325739,5.706868599999999,5.74234
molid712,COP(=S)(OC)SCC(=O)O,7.824046010856294,5.973450700000001,3.3015866000000003,5.21836
molid749,CCCCOCCOCCO,8.533066540572527,8.2417965,7.732036999999999,7.89998
molid752,C=CCCCCCCCCC(=O)O,7.824046010856294,7.8257866,6.8153505,7.8017
molid757,CCCCOCCOCCCC,8.086410275323782,7.985425,7.754571,7.83524
molid820,NCC(CC(=O)O)c1ccc(Cl)cc1,4.976733742420574,6.391719999999999,6.046488,6.641369999999999
molid839,O=S1(=O)CCC(NC(=S)S)C1,7.438383530044308,6.075348,6.019415,5.76941
molid848,C#CC(C)(C)O,7.258412150595308,6.6628289999999994,6.273492299999999,6.8884300000000005
molid889,COc1ccc2c(=O)c(C)c(-c3ccccc3)oc2c1CN(C)C,3.688879454113936,5.689638599999999,6.659842,6.21634
molid923,CCOC(=S)C=Cc1ccc([N+](=O)[O-])cc1,6.877296071497429,5.974863,5.5639257,6.895169999999999
molid932,CC1(C)C(=O)N(Cl)C(=O)N1Cl,6.295266001439646,6.853901,5.115590599999999,5.71686
molid947,CCOC(=O)C(Br)C#N,6.040254711277415,5.3924650000000005,5.5502567,5.798080000000001
molid962,CC(N=O)C(=O)c1ccccc1,8.352318548226004,5.9810123,4.1140056000000005,6.52789
molid988,CC=Cc1ccc(OCc2ccccc2)c(OC)c1,8.496990484098719,7.354228,5.891168,6.71442
molid990,CCN(CC)c1ccc(C=O)cc1,8.764053269347762,6.950239,6.0216556,6.59998
molid997,CCC(=O)OC(C)c1ccccc1,8.556413904569519,8.288898,5.101168599999999,6.822210000000001
molid999,CCOC(=O)c1ccc(O)cc1,8.366370301681654,7.939255999999999,6.4670653,7.139889999999999
molid1025,CC=CCC1=C(C)C(OC(=O)C2C(C=C(C)C(=O)OC)C2(C)C)CC1=O,6.937314081223682,6.734094,5.6873984,7.26693
molid1042,CC(=O)c1cccc([N+](=O)[O-])c1,8.086410275323782,6.8157309999999995,5.9859715,6.59058
molid1047,S=C(NC1CCCCC1)NC1CCCCC1,6.214608098422191,6.2707953000000005,5.992510299999999,6.78585
molid1058,Cc1cc(C(C)(C)C)cc(C)c1CC1=NCCN1,5.4380793089231965,5.6954293,5.9656167,6.4513
molid1076,CC(=O)C=Cc1ccccc1,7.616283561580385,7.3502483,6.1687593000000005,6.583239999999999
molid1078,c1ccc(OCC2CO2)cc1,7.824046010856294,7.213563000000001,5.9302206,6.993460000000001
molid1117,NCCCN1CCOCC1,8.177515823846075,7.531249000000001,5.799336,7.84507
molid1134,O=C1CCC(=O)N1,9.546812608597397,7.0128070000000005,6.0455794,6.71352
molid1136,CC1OC(C)OC(C)O1,7.333023014386481,7.9913025,6.269996599999999,7.0596
molid1138,O=C1CCCCCC=CCCCCCCCCO1,5.82600010738045,8.562607,7.268039999999999,7.45102
molid1217,CN1CCCN=C1COC(=O)C(O)(c1ccccc1)C1CCCCC1,7.22256601882217,6.04419,5.5019774,6.61066
molid1221,CC[N+](CC)(CC)CCC(O)(c1ccccc1)C1CCCCC1,7.0030654587864625,6.2030816,5.4472685,6.56664
molid1267,CCOP(=O)(OCC)SCCSCC,0.4054651081081644,4.5747056,1.7402023999999998,4.543130000000001
molid1272,C=CC(=C)Cl,6.1092475827643655,5.7969610000000005,5.5433345,5.82078
molid1296,Nc1ccc(S(=O)(=O)Nc2ccccn2)cc1,8.004365564979574,7.784453,6.909484,7.12471
molid1301,ClC(COCC(Cl)C(Cl)(Cl)Cl)C(Cl)(Cl)Cl,8.196987927258897,6.7816978,5.3160243,6.0666199999999995
molid1308,COC1CCC(OC2C(C)C(O)(C(C)C(=O)O)OC(CC3CC(OC)C(C)C4(O3)OC(C)(C3CCC(C5CCC(C6OC(C)(O)C(C)C(OC)C6C)O5)O3)C(OC)C4C)C2(C)OC)OC1C,1.9459101490553128,4.9187803,3.456383,6.9095
molid1318,O=C1c2ccccc2C(=O)c2c1cccc2S(=O)(=O)O,9.903487552536127,7.235798399999999,6.7651663,8.20703
molid1319,COc1ccc2c(c1OC)C(=O)OC2C1c2c(cc3c(c2OC)OCO3)CCN1C,7.326465613840322,6.862609399999999,4.013771,6.146059999999999
molid1327,CC1(C)Oc2ccc(S(=O)(=O)c3ccccc3)cc2C(N2CCCC2=O)C1O,7.601402334583732,7.1946692,8.055313,7.17422
molid1331,c1cc2ccc3cccc4ccc(c1)c2c34,7.90100705199242,8.575024,5.468959,6.259440000000001
molid1350,C[N+](C)(N)CCCl,8.131530710604252,6.220436,5.010668,6.35401
molid1370,CCCCC(CC)(C(=O)OCC)C(=O)OCCN(CC)CC,6.45833828334479,7.7275057,5.6967597,7.478110000000001
molid1374,C=CCOC(=O)c1ccccc1C(=O)OCC=C,6.4861607889440895,7.3565207,5.908297,6.4434
molid1378,Cc1ccccc1N=Nc1c(N)ccc2ccccc12,4.787491742782046,7.766882400000001,6.3435388,6.18709
molid1428,CCCCCN(CCCCC)N=O,7.467371066917559,6.871515799999999,5.0237045,7.5974699999999995
molid1455,CC(NCCO)c1ccccc1,7.9480319906372845,6.465378299999999,6.3135486,7.33447
molid1469,CN(C)S(=O)(=O)Cl,7.102499355774647,5.631486,3.4218256,5.086040000000001
molid1471,CCc1cnc(C)cn1,6.802394763324312,6.386759,6.1593513,6.76509
molid1504,COc1ccccc1C=O,7.824046010856294,6.8321686,6.0292883,6.73197
molid1506,Oc1ccc2ccccc2c1,7.580699752224562,7.803653999999999,6.255003,6.57304
molid1533,CCCCOC(=O)c1ccccc1,6.5998704992128365,7.935662299999999,6.514026599999999,7.164610000000001
molid1562,Cc1c(Cl)cccc1Nc1ccccc1C(=O)O,5.416100402204419,7.196606,5.251035,6.6259
molid1601,OCc1cccc(Oc2ccccc2)c1,7.310550158534423,7.7470775,6.2426915,6.5327
molid1645,O=NN1CN(N=O)CN(N=O)C1,5.0751738152338275,4.8826623,6.5906677,7.25623
molid1650,CCCCCCCCCCCCc1ccc(C)c(C[N+](C)(C)C)c1,5.963579343618448,6.8043785,5.778341,7.29738
molid1656,CC(C)CC(=O)OCCc1ccccc1,8.735525185733223,7.7659397,7.1896806,7.09682
molid1661,CC(C)(C)CC(C)(C)c1ccc(O)cc1,8.303999970955196,7.240576700000001,6.1296496,6.62672
molid1669,CS(=O)(=O)c1ccc2c(c1)N(CCCN1CCC(C(N)=O)CC1)c1ccccc1S2,6.883462586413093,6.198187,6.301622,7.3611
molid1698,NCCO,7.450079569807499,7.218799000000001,6.6167983999999995,7.4656
molid1713,ClC1=C(Cl)C2(Cl)C3CC(Cl)CC3C1(Cl)C2(Cl)Cl,8.517393171418902,6.3182583,5.13743,5.9957400000000005
molid1735,CC(C)(C)c1cc(C(=O)O)cc(C(C)(C)C)c1O,7.2541778464565185,8.202236,6.6491637,6.63472
molid1739,Cc1ccc(S(=O)(=O)C=CC#N)cc1,7.2723983925700475,7.650832,6.171775299999999,7.38996
molid1742,COc1nc(C(F)(F)F)nc(=NC(O)=NS(=O)(=O)c2ccccc2C(F)(F)F)[nH]1,8.455317787698151,7.033590299999999,5.6373196,5.96565
molid1748,CN(C)CCCOC1(Cc2ccccc2)CCCCCC1,6.025865973825314,6.124581299999999,5.935763400000001,6.53041
molid1770,COc1cc(C(O)C(C)NC(C)COc2ccccc2)ccc1O,7.154615356913662,7.124641400000001,6.1131816,6.698980000000001
molid1799,NC(=O)Cc1c(O)on[n+]1Cc1ccccc1,8.400659375160286,7.1434679999999995,6.1516910000000005,6.3909
molid1810,COC(=O)c1cccc(C(=O)OC)c1,8.387084506069218,7.9637814,6.6120853,6.61068
molid1813,CNC(=O)Oc1cccc2ccc(C)nc12,4.787491742782046,4.733982,2.184772,6.319380000000001
molid1825,CC(Cl)COP(=O)(OCC(C)Cl)Oc1ccc([N+](=O)[O-])cc1,5.153291594497778,4.5747056,3.5139207999999997,6.48503
molid1831,FC(F)(F)c1nc2c(Cl)c(Br)c(Cl)c(Br)c2[nH]1,1.2337257624752838,4.5747056,1.9511064999999999,2.0847700000000002
molid1843,O=C1c2cccc(Br)c2C(=O)C1c1ccccc1,6.61338421837956,5.8231163,5.944,6.6542
molid1844,Oc1ccc2c(c1)CCC2,8.086410275323782,7.615162,6.094331700000001,6.741339999999999
molid1870,Cc1c(C(N)=O)cc([N+](=O)[O-])cc1[N+](=O)[O-],6.396929655216146,5.8707848,4.851156700000001,6.2945400000000005
molid1912,CCOC(=O)C1=C(C)N=C(C)C(C(=O)OCCN2CCCCC2)C1c1cccc([N+](=O)[O-])c1,5.8944028342648505,5.899865,6.009841000000001,6.0663599999999995
molid1950,FC(F)(F)C(Cl)Br,8.644706511715198,6.2265115,7.151345299999999,6.03686
molid1951,CP(=O)(O)F,5.703782474656202,6.415232,4.9908113,6.6532100000000005
molid1967,C=CCN1CCC23CCCCC2C1Cc1ccc(O)cc13,6.855408798609928,5.9740825,5.522044,
molid2021,O=[N+]([O-])c1ccc(Oc2ccc(C(F)(F)F)cc2[N+](=O)[O-])cc1,9.104979856318355,4.839672,5.6435010000000005,6.61415
molid2028,CN1CCC2(C)c3cc(OC(=O)NCCCCCCCCN4CCSCC4)ccc3N(C)C12,3.1696855806774287,4.9471297,4.8681774,6.22915
molid2030,CCCN(CCC)CCCCCCCCNC(=O)Oc1ccc2c(c1)C1(C)CCN(C)C1N2C,2.905807566026004,5.1875324,2.632316,7.5788899999999995
molid2050,CCCCC(CC)COCCO,8.03268487596762,7.580848700000001,7.8012567,7.97273
molid2063,CCCOCC(C)O,7.820037989458753,8.411688,7.298576,7.380839999999999
molid2070,NCCCCC(CN)CCCN,6.633318433280377,6.129408,5.7982097,7.758089999999999
molid2077,Cc1ccc(S(=O)(=O)NN)cc1,5.645446897643237,7.5165396,5.2709575,4.4271199999999995
molid2087,Cc1[nH]ncc1Cl,5.926926025970412,6.595219,6.1120915,5.63021
molid2088,OCC(O)C1OC2OC(C(Cl)(Cl)Cl)OC2C1O,5.991464547107983,6.847386,5.556847599999999,7.17669
molid2101,CCC(C)(C)c1ccc(Cl)c(OC(=O)NC)c1,4.31748811353631,5.2066913,4.063516,6.36224
molid2107,CCCCc1c(OC(=O)c2ccccc2)n(-c2ccccc2)n(-c2ccccc2)c1=O,7.6953031349635665,7.187220599999999,5.966848000000001,5.92581
molid2117,O=[N+]([O-])c1nccs1,4.919980925828125,5.701563,5.4854703,5.22811
molid2137,Cc1ccc2c(c1)c1c3n2CCNC3CCC1,7.630461261783628,6.1525764,5.8258696,6.3536
molid2154,Cc1ccc(N2C(=O)C=CC2=O)cc1,6.565264970035361,7.7020965,5.8697133,6.65318
molid2168,CCN1CCC(=C2c3ccccc3CCc3ccccc32)C1C,6.396929655216146,6.535038,5.9753203,6.17122
molid2183,CNC(=O)ON=CC(C)(C)S(C)(=O)=O,2.995732273553992,4.5747056,1.1450295,6.57078
molid2185,O=S(=O)(O)c1ccc(Nc2nc(Nc3ccc(C=Cc4ccc(Nc5nc(Nc6ccc(S(=O)(=O)O)cc6)nc(N(CCO)CCO)n5)cc4S(=O)(=O)O)c(S(=O)(=O)O)c3)nc(N(CCO)CCO)n2)cc1,8.575462099540214,10.062553,7.775039,10.2771
molid2247,Nc1nc2cc(F)ccc2o1,6.907755278982138,6.553961800000001,6.1784782,6.2371
molid2306,CCC=C1OC(=O)c2ccccc21,7.408530566894625,8.372717,6.0548897,6.56376
molid2387,CC(C)=CC1CC(C)=CCO1,8.517393171418902,6.710891999999999,6.237615,6.982539999999999
molid2407,O=C(O)Cc1sc(-c2ccccc2)nc1-c1ccc(Cl)cc1,6.013715156042802,6.5659056,6.230154,6.855519999999999
molid2429,Cc1cncc(CN2CCC(=C3c4ccc(Cl)cc4CCc4cccnc43)CC2)c1,6.907755278982138,6.8282027,3.662499,5.95985
molid2435,CCCCC(CC)C(=O)OCCOCCOCCOCCOC(=O)C(CC)CCCC,9.798127036878304,8.519421000000001,7.845101,9.13878
molid2440,CCCC=CC(OC)OC,7.438383530044308,7.616503,6.518259,7.64993
molid2446,C=COCCSCC,8.501063809486354,6.7908173,5.926461,5.238169999999999
molid2450,CC1CC(C=O)CC(C)(C)C1,8.32845106681936,8.254908,6.372330000000001,7.0526100000000005
molid2482,C#CCOP(=O)(OCCC)c1ccccc1,5.891644211825772,5.892079,4.3485217,6.93502
molid2486,CCCCC(CC)COC(=O)c1ccccc1C(=O)OCc1ccccc1,11.002099841204238,8.285285,7.571308999999999,7.20149
molid2590,OCC(Br)C(Br)CO,7.8079166289264075,6.5164084,6.1259794,5.68244
molid2592,CCOC(=O)c1c[nH]c2cc(OCC3CC3)c(OCC3CC3)cc2c1=O,8.006367567650246,7.2123637,5.2455587,6.34029
molid2607,NCCNCCNCCO,8.440312147080279,7.087024700000001,5.7327785,8.19561
molid2610,O=C(CCCN1CCC(O)CC1)c1ccc(F)cc1,7.783224016336037,6.011432599999999,5.819796599999999,7.30318
molid2620,O=S(=O)(O)CCS,8.39840965542627,5.6385226,6.0340095,5.99329
molid2652,Nc1cc(Cl)c(N)cc1Cl,7.467371066917559,6.647507000000001,6.171903599999999,6.44652
molid2655,Nc1cccc(C(O)CNC2CC2)c1,8.086410275323782,6.069249,6.2951593,6.672460000000001
molid2657,CC(=O)CC(=O)Nc1ccc(Cl)cc1C,8.160518247477505,6.928128,6.520567,6.43675
molid2659,COc1ccc2c(c1)c(CC(=O)O)c(C)n2C(=O)C=Cc1ccccc1,6.802394763324312,5.6907973,4.669958,6.34495
molid2689,C=Cc1ccccc1Cl,8.556413904569519,7.228688000000001,5.7809343,6.65492
molid2700,CCCCCNCCCCC,5.598421958998375,7.2172303,7.326955,7.70343
molid2705,OC(CN1CCCCC1)c1cc(-c2ccccc2)on1,7.589841512182658,6.0204496,5.2496333,6.48893
molid2711,COC(OC)c1ccccc1[N+](=O)[O-],8.13739583005665,7.185696000000001,5.966379,6.47145
molid2713,CCC(=O)c1ccc2c(c1)N(CCCN1CCN(C)CC1)c1ccccc1S2,6.396929655216146,5.927857,5.782672,6.3749400000000005
molid2714,CN(C)c1ccc(N=Nc2cccc(C(=O)O)c2)cc1,8.231376045573969,7.1330886,5.987059599999999,6.80047
molid2755,CC(=O)c1cc2c(cc1C)C(C)(C)C(C)CC2(C)C,6.8243736700430855,7.4785857,5.9242315,6.33718
molid2761,OCCOc1cc(Cl)c(Cl)cc1Cl,7.3132203870903005,6.544071,6.029058,6.789739999999999
molid2778,CCCCCCCCOC(CBr)c1ccc(C2CCCC2)cc1,5.521460917862246,6.6185327,5.419695,6.25783
molid2828,CCN(CC)N=Nc1cccnc1,5.3471075307174685,4.923535299999999,4.4016895,6.96972
molid2844,CN(C)C(=O)Oc1ccccc1C1SCCS1,2.772588722239781,4.5747056,5.0301919999999996,6.46571
molid2869,CCOP(=S)(OCC)Oc1cc(Cl)c(SC)cc1Cl,2.2082744135228043,4.5747056,3.7090796999999998,5.43887
molid2870,COc1cc(C(F)(F)F)ccn1,7.467371066917559,6.437078,5.763535,5.14312
molid2890,CCCCC1C(=O)NN(c2ccccc2)C1=O,7.467371066917559,6.5597199999999996,5.716756299999999,6.87488
molid2911,CC1(C)CC(O)CC(C)(C)N1O,6.859614903654202,8.321213,6.077157,6.886189999999999
molid2925,CCOP(=S)(OCC)Oc1cc(C)nc2ccccc12,3.912023005428147,4.6436753,3.1663766,3.5187199999999996
molid2933,COP(=O)(OC)Oc1ccc([N+](=O)[O-])c(Cl)c1,2.302585092994046,4.728929,2.5571716,3.9273
molid2940,Cc1ccc(CC(C)N)cc1,5.010635294096256,6.2531614,5.8175664000000005,6.5707699999999996
molid2948,COP(=O)(OC)OC(=CCl)c1cc(Cl)ccc1Cl,8.240121298076472,5.786084,5.1685205000000005,4.75389
molid2950,CCOP(=S)(OCC)SCSc1cc(Cl)ccc1Cl,3.7841896339182615,4.5747056,4.6090856,4.302569999999999
molid2975,S=c1[nH]c2cc(Cl)ccc2o1,6.907755278982138,7.305011,5.6766760000000005,6.34715
molid2976,CC(C)Nc1nc(Cl)nc(NC2CC2)n1,6.246106765481563,6.884701,5.982069999999999,6.53885
molid2977,CCC(=O)c1c(O)cc(O)cc1O,7.774855766665517,7.2226467,7.0041156,7.042730000000001
molid2995,Cc1nc(N(C)C)nc(OC(=O)N(C)C)c1C,4.605170185988092,5.5191693,5.7325683,6.44984
molid3011,CCN(CC)CCNC(=O)c1cc(Cl)c(N)cc1OCc1ccccc1,5.393627546352364,6.015926,5.840099299999999,6.54051
molid3069,C=C(C)C(=O)OC(=O)COC(C)C,9.104979856318355,7.472775,6.314083999999999,7.51099
molid3072,CCCCCCCCCCCCN(CCCN)CCCN,5.530618855647012,6.4502664,5.5974135,8.46112
molid3081,CCOC(=O)C1(c2ccccc2)CCN(CCOCC2CCCO2)CC1,4.90527477843843,6.3913884,6.199504,7.1749600000000004
molid3106,CCOP(=O)(SCC)SCC,4.941642422609304,4.5747056,2.3375921,4.04317
molid3120,Clc1ccc(C(Cn2ccnc2)OCc2c(Cl)cccc2Cl)c(Cl)c1,8.630521876723241,7.052250999999999,5.139526999999999,6.61464
molid3126,O=C(NCCO)c1ccccc1O,8.366370301681654,7.462874,6.754621,7.024710000000001
molid3128,CCCCCCCCCCCCNC(N)=S,6.907755278982138,5.9390235,6.139828,6.41979
molid3134,CCOP(=S)(CCl)Oc1ccc([N+](=O)[O-])cc1,4.84418708645859,4.5747056,3.4472222,4.57276
molid3151,CCN(CC)C(=O)Cc1ccccc1,6.715383386334683,6.89225,6.15069,7.012010000000001
molid3152,O=C(CF)NCc1ccc(Br)cc1,6.016157159698354,4.5801305999999995,2.5367734,4.99097
molid3156,COP(N)(=S)Oc1ccccc1C(=O)OC(C)C,3.912023005428147,6.1497793,5.447228400000001,4.18807
molid3159,CC(=O)NC(CC(C)C)C(=O)NC(CC(C)C)C(=O)NC(C=O)CCCNC(=N)N,6.579251212010101,7.7007713,5.6865505999999995,6.77796
molid3166,O=CC=CO,6.714170529909472,5.768091,6.0092926,7.21275
molid3181,CC(C)(C)C(=O)COc1ccc(Cl)cc1,8.444622498581403,6.175468,6.051413,6.9099
molid3216,CC(=O)Oc1c(C(C)(C)C)cc([N+](=O)[O-])c(C)c1[N+](=O)[O-],3.737669618283368,6.568587299999999,4.0954565999999994,6.3977
molid3227,CCOP(=S)(OCC)SCCS(=O)CC,1.2527629684953678,4.5747056,2.9797642000000004,3.0081900000000004
molid3253,CCOC(=O)N(Cc1ccccc1)C1CC1,7.22983877815125,6.856748,4.925489,6.92231
molid3255,COP(=S)(Cl)Cl,5.3706380281276624,5.8276615,4.369532599999999,4.95699
molid3259,CC(C)C(=O)OCC(C)(C)C(O)C(C)C,8.070906088787819,7.624240400000001,7.057771000000001,7.85951
molid3265,Cc1nc2ccccc2c(=O)n1-c1ccccc1C(=O)O,7.3460102099132945,7.394184599999999,6.436945400000001,6.33283
molid3273,COC(=O)C1(O)c2ccccc2-c2ccc(Cl)cc21,8.039157390473237,7.1160936,5.359272499999999,6.37371
molid3311,C1=Nc2ccccc2Oc2ccccc21,6.333279628139692,6.8527746,5.9327455,6.56125
molid3347,C=CCC(CC=C)(C(=O)OCCN(CC)CC)c1ccccc1,7.3132203870903005,6.5607834,5.4624496,6.75977
molid3355,CC(C)OP(=O)(OC(C)C)SCc1ccccc1,6.309918278226516,5.307903,3.5977623,3.4754300000000002
molid3359,OCCOCCOCCOCCOCCOCCO,10.373491181781864,9.022545,7.8932247,9.17261
molid3367,CC(=O)Nc1cc(Cl)ccc1Cl,8.318742252692399,7.017185700000001,6.1215796,6.555439999999999
molid3368,CCOC1Oc2ccc(OS(C)(=O)=O)cc2C1(C)C,7.029972911706388,6.618494500000001,5.2855315,6.8286
molid3406,CNC(=O)Oc1cc(C(C)(C)C)cc(C(C)(C)C)c1,7.495541943884256,5.8385596,2.0038,6.562410000000001
molid3408,CN(C)CCOC1=Cc2ccccc2Sc2ccc(Cl)cc21,5.723585101952383,5.915961299999999,5.7154775,6.82075
molid3409,BrC1(Br)C2CCC1CC2,5.3471075307174685,6.7623505999999995,5.7513447,5.9507699999999994
molid3410,Oc1ccc(Sc2ccc(O)cc2)cc1,8.120291313968561,7.167826,6.1977572,7.14257
molid3419,CC(C)OP(=S)(OC(C)C)SCSC(C)C,1.6094379124341005,4.5747056,2.5681963,3.42826
molid3425,CC(C)(C)c1ccc(OP2OCC3(CO2)COP(Oc2ccc(C(C)(C)C)cc2C(C)(C)C)OC3)c(C(C)(C)C)c1,8.626944055375356,4.998855000000001,4.7699943,6.75984
molid3452,CCOP(=O)(OCC)OC(=CCl)c1cc(Cl)ccc1Cl,3.555348061489413,5.0132203,4.7960505,4.50373
molid3476,CCN(CC)C(=O)c1ccccc1C,7.098375638590786,7.325614,6.1932306,6.46933
molid3501,C[N+](C)(C)CCBr,5.247024072160486,5.900214,5.165841,5.72957
molid3507,NCc1cc(O)no1,3.80666248977032,6.1796846,5.953382,6.9254
molid3530,CN(C)C(=S)N(C)C,6.8243736700430855,5.779594,5.719979,5.31128
molid3535,CCCc1ccc(O)c(OC)c1,7.863266724009573,6.736403,5.8866559999999994,6.7352
molid3558,CC(C)c1cccc(C(C)C)c1N=C=O,7.2541778464565185,7.664525,6.1480184,6.54851
molid3581,COc1ccc(O)c(C(N)=O)c1,7.549609165154532,8.022198,6.55063,6.725160000000001
molid3600,C=CC(=O)NC(C)(C)CC(C)=O,6.907755278982138,6.7896279999999996,5.656854,7.32015
molid3637,CC12C=CC(=O)C=C1CCC1C2C(O)CC2(C)C1CCC2(O)C(=O)COC(=O)CCCc1ccc(N(CCCl)CCCl)cc1,6.272877006546168,6.7040043,5.6835675000000005,6.0774099999999995
molid3651,CCOP(=S)(OCC)Oc1nc(Cl)c(Cl)cc1Cl,4.68213122712422,5.527506,4.686946,4.89555
molid3693,COC(=O)C=C(C)OP(=O)(OC)OC,1.0986122886681098,4.672478,5.0700917,3.78349
molid3713,N#CSc1ccc(N)cc1,5.48063892334199,6.022607,0.7707001,6.557169999999999
molid3718,CS(=O)(=O)OCCCN(CCCOS(C)(=O)=O)C1CCCCC1,5.926926025970412,5.6264,6.059415,8.423169999999999
molid3722,CO[Si](OC)(OC)c1ccccc1,6.955592608396298,5.2277260000000005,6.29896,7.241219999999999
molid3741,CCOCC(=O)Nc1ccc(C(=O)c2ccccc2)cc1C,7.731930721948488,7.10987,6.407535,6.642460000000001
molid3760,CCOC(=O)C1=CN(CC)C2CCCC(C)N2C1=O,6.6147256002037595,6.743950999999999,5.989003,6.30004
molid3769,CN(C)CCCN1c2ccccc2CCc2cc(O)ccc21,7.99967857949945,6.2994900000000005,5.198586,6.2778599999999996
molid3778,CCN(CC)C(=O)c1ccc(O)c(OC)c1,5.0369526024136295,7.120016000000001,5.778307,6.64535
molid3814,C=S,5.899897353582492,4.799351000000001,5.579205,6.51342
molid3818,CCOP(=S)(OCC)SCn1c(=O)oc2ccccc21,4.394449154672439,4.5747056,3.2260504,3.6215
molid3820,CC(C)=CCC1C(=O)N(c2ccccc2)N(c2ccccc2)C1=O,7.202661196523238,7.2832837,5.688839,6.14008
molid3840,CCN(CC)CCNc1ccc(CO)c2sc3ccccc3c(=O)c12,6.887552571664617,5.946293,6.484498,6.88548
molid3845,CCOP(=O)(OC=CCl)OCC,1.9459101490553128,4.5747056,3.0143712000000003,6.54943
molid3852,CCCc1ccc(C)cc1O,6.593044534142437,7.290042999999999,6.234692,6.861789999999999
molid3853,Nc1c(I)cc(I)c(C(=O)N(CCC(=O)O)c2ccccc2)c1I,7.937374696163295,7.432682000000001,6.885961,6.9150100000000005
molid3870,COC(=O)Nc1nc2cc(C(=O)c3ccccc3)ccc2[nH]1,6.570882962339582,7.0941186,6.78936,6.37275
molid3873,CNC(=O)Oc1cc(C)c(N(C)C)c(C)c1,2.6390573296152584,4.7068769999999995,2.4379451000000003,6.540719999999999
molid3886,N#Cc1ccc([N+](=O)[O-])cc1C#N,6.745236349484363,5.177316,5.320266200000001,6.368530000000001
molid3887,COCC1OC(=O)c2coc3c2C1(C)C1=C(C3=O)C2CCC(=O)C2(C)CC1,3.332204510175204,5.3507565999999995,6.326162,6.15345
molid3902,CC(C)NC1Cc2ccccc2Cc2ccccc21,6.214608098422191,7.014382400000001,5.518671,6.20704
molid3911,OC1CC2CC1C1CC3OC3C21,8.048788283534199,8.140288,6.207803,6.833469999999999
molid3977,FC(F)(F)c1ccc(Cl)c(Cl)c1,7.047517221357295,6.905709700000001,5.005511299999999,5.5279
molid3981,COc1ccc(C(=O)NCc2cccnc2)cc1C(=O)NCc1cccnc1,8.006367567650246,7.144832000000001,6.6527076,6.39358
molid3989,CCOP(=S)(CC)Sc1ccc(C(C)(C)C)cc1,4.948759890378168,5.267296,2.500633,3.8633800000000003
molid3998,CNC(=O)Oc1cc(C(C)C)cc(C(C)C)c1,5.298317366548036,5.489845,2.321209,6.83207
molid4006,C1COCCOCCOCCOCCO1,7.251344983372213,6.8040020000000005,7.421523,7.724489999999999
molid4007,CNCCCC1c2ccccc2CN(C)c2ccccc21,5.802118375377063,6.2960234,5.6008195999999995,6.24526
molid4014,CCOC(C1=NCCCCN1)c1ccc(Cl)cc1,5.913503005638268,5.5066120000000005,5.342039,6.22767
molid4021,CCOC(C1=NCCCCN1)c1ccccc1,5.926926025970412,5.7033095000000005,5.576644,6.32923
molid4023,CCOC(C1=NCC(OC)CN1)c1ccccc1,6.774223886357614,6.0864444,4.4939795,6.57988
molid4024,CCOC(C1=NCC(C)(C)CN1)c1ccc(OC)cc1,6.437751649736401,5.6894800000000005,4.680934,6.55668
molid4033,CCOC(C1=NCCCN1)c1cccc(F)c1,6.907755278982138,5.3150463,4.87804,5.88313
molid4056,CN1CCN(C(=O)Cn2c(=O)sc3ccc(Cl)cc32)CC1,6.461468176353718,7.746906,6.0614996,6.784739999999999
molid4060,CCCCCCCCCC(=O)O,8.107720061910534,8.125745,7.614481,7.856739999999999
molid4061,CCCCCCCCCCF,1.6094379124341005,7.6081057,5.6105957,7.257610000000001
molid4100,S=C1SSC2=NCCN12,5.9401712527204324,5.5644584,5.593978,5.423369999999999
molid4103,CCOP(=S)(OCC)Oc1ccc(C#N)cc1,2.302585092994046,4.5747056,4.237271,4.31466
molid4114,FC(F)(F)c1nc2c(Br)cc(Br)c(Br)c2[nH]1,2.547020358442544,4.5747056,2.3214555,5.805680000000001
molid4121,CNC(=O)N(C)c1nnc(C(C)(C)C)s1,6.461468176353718,6.648647,3.7397685,6.701280000000001
molid4165,CCSP(=O)(CCl)SCC,3.555348061489413,4.5747056,2.4266229,4.08981
molid4188,CCCSP(=S)(OCC)Oc1ccc(Cl)cc1Cl,6.774223886357614,4.5747056,4.92727,4.6081
molid4200,CCCCCCOCC(O)COc1ccccc1C(=O)O,7.673223121121707,8.222177499999999,7.6852193,7.2144699999999995
molid4248,CC(C)NNC(=O)COc1ccc(Cl)cc1,6.309918278226516,6.341573,4.278023999999999,7.036230000000001
molid4253,CC1(C)SC2C(NC(=O)C(C(=O)Oc3ccc4c(c3)CCC4)c3ccccc3)C(=O)N2C1C(=O)O,7.601402334583732,8.506737,2.5418315,6.00002
molid4258,COc1cc(C(=S)N2CCOCC2)cc(OC)c1OC,6.507277712385013,6.651044000000001,6.248574700000001,6.59845
molid4276,CC(CN1CCOCC1)C(C(=O)N1CCCC1)(c1ccccc1)c1ccccc1,4.273884476054178,6.222494999999999,4.5490723,6.09586
molid4339,CN(CCCl)c1ccc(C=CC2=[N+](C)c3ccccc3C2(C)C)cc1,7.7231200922663295,5.9094443,2.7526045,6.15141
molid4358,Fc1ccc2nc(C(F)(F)F)[nH]c2c1,2.8088603796612186,4.5747056,-0.82874113,3.36954
molid4361,CC(C)(C)c1ccc2nc(C(F)(F)F)[nH]c2c1,3.555348061489413,4.5747056,2.0166802,3.27918
molid4368,Nc1cc(N)cc(C(F)(F)F)c1,5.9401712527204324,6.409634,6.8201323,5.862019999999999
molid4382,CC1(NC(N)=O)CCCCC1,6.9469759921354175,7.664833,5.613402400000001,7.03647
molid4389,COP(=S)(OC)SC(CC(=O)OC(C)C)C(=O)OC(C)C,8.294049640102028,5.886657,3.0903709999999998,5.6123
molid4395,O=C(O)CCCCCCCCCCl,8.517393171418902,7.4735045,6.7496448000000004,6.83241
molid4414,CCOP(=S)(OC(C)C)ON1C(=O)c2ccccc2C1=O,5.521460917862246,5.1672635,4.4295483,3.98443
molid4422,COP(=O)(OC)SCN1C(=O)c2ccccc2C1=O,3.912023005428147,4.5747056,4.6878652999999995,3.6606099999999997
molid4426,O=S1(=O)CC(Cl)(Cl)C(Cl)(Cl)C1,4.465908118654584,4.857322,6.223232,6.19217
molid4438,COP(=S)(OC)C(C(=O)O)c1ccccc1,8.411832675758411,5.7863317,4.941998,4.7166
molid4442,O=C(O)C(F)(F)C(F)(F)C(F)(F)C(F)F,7.473069088032196,6.631213000000001,6.8824005,6.2020599999999995
molid4469,CC(=O)c1cccc(N=Nc2ccc(N(C)C)cc2)c1,8.480114183174816,6.884753,6.846798,6.920669999999999
molid4480,CCCCCCCCCCCCCCCC(=O)NC(CCC(=O)O)C(=O)O,7.601402334583732,8.95721,7.556468499999999,8.42583
molid4509,Nc1cc(N2CCCCC2)nc(N)[n+]1[O-],7.186144304522325,5.5843834999999995,6.203094999999999,6.45364
molid4512,FC(F)(F)c1cccc(-n2nc(OCCCN3CCCCCC3)c3cccnc32)c1,6.659293919683638,5.943203,3.1680324,6.68752
molid4519,CCCSP(=O)(OCC)Oc1ccc(Cl)cc1Cl,5.768320995793773,4.5747056,4.555082,4.33151
molid4539,CC(C)Oc1ccccc1[N+](=O)[O-],7.824046010856294,6.3473225,5.7628937,6.63162
molid4543,COc1ccc2cc(C(C)C(=O)OCC(O)CO)ccc2c1,7.396335293800808,7.4618387,6.30668,6.854769999999999
molid4564,FC(F)(F)c1ccccc1Br,7.908387159290043,6.584552,5.117196599999999,5.75398
molid4569,Cc1nc(-c2cccnc2)sc1[N+](=O)[O-],6.703188113240862,6.29478,6.0675550000000005,6.437930000000001
molid4574,CNC(=O)Oc1ccccc1Cl,6.4738906963522735,5.173014,4.2894177,6.42939
molid4582,COCCOC(=O)C(=Cc1cccc([N+](=O)[O-])c1)C(C)=O,8.517393171418902,7.200766000000001,5.900899,6.38718
molid4596,C=CC1OCCO1,4.439115601658009,6.469971,5.7524843,7.33922
molid4612,CC(C)OCC1CO1,8.34283980427146,7.8227199999999995,6.5407395,7.293989999999999
molid4618,O=C=NCCCCCCNC(=O)N(CCCCCCN=C=O)C(=O)NCCCCCCN=C=O,9.893437216682628,9.915117,6.068673,8.33698
molid4647,CN=NNc1ccc([N+](=O)[O-])cc1,6.1480408541500795,4.5747056,3.3049302000000003,6.85084
molid4664,CN=NNc1ccc(Cl)cc1,5.794841205603168,6.0589433,3.6146557,6.727469999999999
molid4674,NCCN(CCN)CCN,5.5053315359323625,6.3686547,4.8877807,7.8806199999999995
molid4676,FC(F)(F)c1nc2c(Br)c(Cl)c(Cl)c(Br)c2[nH]1,1.2337257624752838,4.5747056,2.1378775,2.99545
molid4688,COP(=S)(OC)SC1CCSc2ccc(Cl)cc21,5.298317366548036,4.5747056,3.3521669999999997,5.14685
molid4707,CCNS(=O)(=O)C(F)(F)C(F)(F)C(F)(F)C(F)(F)C(F)(F)C(F)(F)C(F)(F)C(F)(F)F,6.228511003591184,6.1043515,3.4047608,6.43395
molid4716,CC(C)CCN1C(=O)c2ccccc2C1=O,8.160518247477505,7.135209,5.924098000000001,6.72359
molid4721,CC(O)COC(=O)CBr,6.498282149476434,6.8844304,5.101222,5.74231
molid4728,CC(C)(Oc1ccc(C(=O)c2ccc(Cl)cc2)cc1)C(=O)O,7.124478262493424,6.257739,6.695931,6.27949
molid4745,FC(F)(F)c1nc2c(Cl)c(Cl)c(Cl)c(Br)c2[nH]1,1.4163384824682672,4.5747056,2.1985977,2.16182
molid4747,Cc1c(Cl)c(Cl)c2nc(C(F)(F)F)[nH]c2c1Cl,2.9061357397422345,4.5747056,2.7266572,3.7641
molid4755,CCCCCC=CCC1CC(=O)OC1=O,7.001245622069478,8.243689,4.4048963,7.804710000000001
molid4756,COC(F)(F)C(F)Cl,8.542860938164814,7.026657000000001,5.8014007,5.07678
molid4757,O=C(CCl)c1ccc(Cl)cc1Cl,5.703782474656202,6.549201,3.3403400000000003,6.6799
molid4765,CCCCCCCCCCC(C)c1ccc(S(=O)(=O)O)cc1,6.07993319509559,8.089802,7.6542974,8.396
molid4766,CCCCNC(=O)OCC(C)(CCC)COC(N)=O,6.9469759921354175,7.1175429999999995,6.699134,8.116010000000001
molid4809,CC1(C)OCC(CCl)O1,4.74493212836325,6.507623000000001,4.330524400000001,5.86603
molid4817,C=CCc1ccc(C(C)C)cc1,8.318742252692399,7.433611999999999,5.720706,6.604830000000001
molid4835,Cn1cnc([N+](=O)[O-])c1Sc1ncnc2nc[nH]c12,5.991464547107983,5.4981275,5.3620462,6.94285
molid4881,COC(=O)C(C(C)=O)C(C)=O,7.438383530044308,7.168225,6.229303400000001,6.98605
molid4901,CCOP(=S)(OCC)SC(C(=O)OCCF)c1ccccc1,1.6094379124341005,4.5747056,4.734913,6.01733
molid4914,CC(c1ccc(OC#N)cc1)c1ccc(OC#N)cc1,6.907755278982138,8.04669,4.1800747000000005,6.3949
molid4965,OC(CBr)C(O)C(O)C(O)CBr,7.3132203870903005,7.068033,5.2966074999999995,5.8490400000000005
molid4967,Cc1ccc(C(C)C)cc2c(C)ccc1-2,7.3460102099132945,6.9627523,6.2103405,6.499569999999999
molid4986,Cc1cc(C)c(Cc2cc(C)c(C)cc2C)cc1C,8.411832675758411,9.3642025,6.0238543,6.9173100000000005
molid4989,CN(Cc1ccc(Cl)cc1Cl)S(N)(=O)=O,7.762170607138205,6.865819500000001,5.419074,6.11105
molid5042,CC(Cc1ccc(O)c(O)c1)C(C)Cc1ccc(O)c(O)c1,7.601402334583732,7.075217200000001,6.2340860000000005,6.338830000000001
molid5045,CC(=O)Nc1ccc(OC(=O)c2ccccc2OC(C)=O)cc1,8.160518247477505,7.7866807,6.4707136,6.49488
molid5049,O=C1CCCCCO1,8.364042011922063,8.0420065,7.189418300000001,7.0042100000000005
molid5054,O=C(O)c1nn(Cc2ccc(Cl)cc2Cl)c2ccccc12,7.438383530044308,7.129289599999999,6.1356015,6.4377
molid5073,CC(C)OC(=O)C(C(=O)OC(C)C)=C1SCCS1,7.081708586105576,6.144145,6.766576,5.47495
molid5082,CSN(C)C(=O)Oc1cccc2c1OC(C)(C)C2,1.6094379124341005,4.6171812999999995,5.138039,6.091069999999999
molid5098,CN(Sc1cc(Cl)ccc1Cl)C(=O)Oc1cccc2c1OC(C)(C)C2,3.218875824868201,5.34813,0.33071974,6.5465800000000005
molid5104,CC1OC1(C)C,7.876638460975464,7.8696365,6.19227,6.992139999999999
molid5118,CCN(CC)CCC(CC=C(C)C)(C(N)=O)c1cccc2ccccc12,4.262679877041316,5.9624004,4.267172,6.21432
molid5147,CCCc1cc(=O)[nH]c(=S)[nH]1,7.1308988302963465,7.831506299999999,6.6380873,6.573980000000001
molid5151,NNCCc1ccccc1,5.3471075307174685,5.5692487,5.7097940000000005,6.96965
molid5154,C[N+](C)(C)CCOC(N)=O,3.688879454113936,6.8651266,5.472628599999999,7.27492
molid5167,CCOP(=S)(Cl)OC(C)C,6.052089168924417,4.76281,3.0234257999999996,4.270519999999999
molid5171,C=CCC(CC)(CC)C(N)=O,5.991464547107983,6.876585,5.902662,6.94307
molid5173,CC(C)C12C=CC(C)(CC1)OO2,5.298317366548036,6.808919400000001,6.375762,6.43239
molid5176,CCCOCCN(C(=O)CCl)c1c(CC)cccc1CC,7.696212639346408,6.655098,4.790213,6.6673800000000005
molid5195,CCOP(=S)(OCC)N1C(=O)c2ccccc2C1=O,8.503094267036737,4.623144,5.042105,3.8418900000000002
molid5217,CCCCCCCC[N+](C)(CCCCCCCC)CCCCCCCC,5.407171771460121,7.2766194,6.920203,8.98744
molid5231,O=C(Cc1ccc(-c2ccccc2)cc1)Nc1ccccn1,7.526717561352706,6.3079730000000005,6.026545,6.75715
molid5252,CC(C)(C)NCC(O)COc1cccc2c1CCC(=O)N2,7.1929342212158,6.552555,5.787675,6.87701
molid5270,C1CN1P1(N2CC2)=NP(N2CC2)(N2CC2)=NP(N2CC2)(N2CC2)=N1,4.584967478670572,4.5747056,3.2333062000000004,6.16927
molid5312,Cc1ncc(CO)c(CN)c1O,8.922658299524402,6.881900999999999,5.136613,6.83742
molid5338,CCCCCCCCc1ccc(-c2ccc(C#N)cc2)cc1,7.696212639346408,7.286451,4.478097,7.007210000000001
molid5351,CCCN(CCC)C(=O)SCc1ccccc1,7.506591780070841,6.784002,5.8793526,6.927980000000001
molid5353,Cc1ccccc1C#N,8.070906088787819,7.055003,5.6432996,6.5976
molid5357,Cc1cccc(C)c1NC(=O)CN1CCNCC1,5.703782474656202,6.724473,6.0118194,6.959980000000001
molid5384,CN(C)CCCC1c2ccccc2Nc2ccc(Cl)cc21,5.937536205082426,6.722387299999999,5.77302,6.38582
molid5385,Cc1cc(C)nc(Nc2ccccc2)n1,8.330622620332868,6.726653,5.925579,6.4383
molid5421,O=C1C2CC3C1C1(Cl)C(Cl)C4(Cl)C2C3C1(Cl)C4(Cl)Cl,2.302585092994046,5.435111,4.121391,
molid5433,CC(C)c1ccc(CO)cc1,6.927557906278317,7.5213337,7.207103699999999,6.72622
molid5440,CC1CCCCN1CCCOC(=O)c1ccc(OC2CCCCC2)cc1,7.757906208351747,6.893571000000001,6.0094547,7.078139999999999
molid5449,CN(C)C=C1C(=O)N(c2ccccc2)N=C1c1ccccc1,6.7912214627261855,6.713265,5.2123800000000005,6.1238
molid5452,CCN(CCCl)CCCl,0.9162907318741552,5.5567355,4.9916964,5.71568
molid5453,CCCCCCCC(=O)OCC(COC(=O)CCCCCCC)OC(=O)CCCCCCC,10.413312675968537,10.345755,8.09185,9.00253
molid5478,CCN(CC)CCCC(C)Nc1ccnc2cc(Cl)ccc12,5.799092654460528,6.2022724,5.8397245,6.861960000000001
molid5500,CCOC(=O)Cl,5.598421958998375,5.788723,5.635279,6.803910000000001
molid5501,CC(C)=CC(=O)O,8.177515823846075,7.354082000000001,6.191722400000001,6.79252
molid5536,CN(N=O)C1CCCCC1,3.4011973816621555,6.4348707,2.7053787999999996,7.120189999999999
molid5542,CCCCN1C(=O)c2ccc([N+](=O)[O-])cc2C1=O,7.200424892944957,6.724187,5.641433999999999,6.44642
molid5545,CCCCON=O,4.4188406077965965,6.908271000000001,4.802308,7.4160699999999995
molid5556,CCCCCCCCCCCC(=O)NP(=O)(OC)SC,4.605170185988092,6.672639,3.0902038,7.7996300000000005
molid5557,COP(=O)(NC(=O)CCCCl)SC,1.0986122886681098,5.3733262999999996,4.799882,4.6451199999999995
molid5569,CCCCOC(=O)CC#N,8.338066525518801,6.8731217000000004,5.3615512999999995,7.39117
molid5576,O=P(O)(O)CN(CC(O)CN(CP(=O)(O)O)CP(=O)(O)O)CP(=O)(O)O,8.366370301681654,7.1215972999999995,6.4138436,8.77639
molid5608,CCC(=C(c1ccccc1)c1ccc(OCCN(C)C)cc1)c1ccccc1,7.081708586105576,6.478176,5.9710282999999995,6.27757
molid5609,CCN(CC)N=O,5.393627546352364,6.226996400000001,4.0410924,7.20741
molid5620,COc1ccc(OC)c(C(O)C(C)NC(C)C)c1,7.601402334583732,7.089202,6.2619147,6.878819999999999
molid5638,CC(c1ccc(Cl)c(Cl)c1)n1nc(N)cc1O,7.351799869057777,6.9557020000000005,5.8480935,6.71675
molid5654,O=S(=O)(c1ccc(NC(C(O)C(O)C(O)C(O)CO)S(=O)(=O)O)cc1)c1ccc(NC(C(O)C(O)C(O)C(O)CO)S(=O)(=O)O)cc1,8.006367567650246,10.2366905,7.981325999999999,9.158489999999999
molid5681,ClC1=C(Cl)C2(Cl)C3CC(Cl)(Cl)CC3C1(Cl)C2(Cl)Cl,6.214608098422191,6.5333239999999995,5.3202620000000005,5.96367
molid5693,CCC(COC(=O)c1cc(OC)c(OC)c(OC)c1)N(C)CCN(C)C(CC)COC(=O)c1cc(OC)c(OC)c(OC)c1,7.3132203870903005,8.726053,5.85067,6.13754
molid5700,CC(C(=O)O)c1ccc(-c2cn3ccccc3n2)cc1,5.676753802268282,6.9758472000000005,4.3418064,6.43581
molid5704,CC(CC1c2ccccc2CCc2ccccc21)CN(C)C,6.551080335043403,6.832381,5.7678123,6.16581
molid5718,CCOC(=O)C(C)(CC)Oc1ccc(Cc2ccc(Cl)cc2)cc1,9.104979856318355,7.9132940000000005,5.982119,6.4004900000000005
molid5719,COP(=S)(OC)Oc1nc(Cl)c(Cl)cc1Cl,7.3132203870903005,6.234837000000001,4.577278,4.82372
molid5739,CNc1ccc(C(O)(c2ccc(N(C)C)cc2)c2ccc(N(C)C)cc2)cc1,6.214608098422191,6.321436,6.2894315999999995,6.1068
molid5784,CCOC(=O)c1c(C)cc2c(CO)n[nH]c(=O)c2c1C,7.467371066917559,7.398839,6.352773,6.46605
molid5799,Cc1cccc(CN2CCN(C(c3ccccc3)c3ccc(Cl)cc3)CC2)c1,7.467371066917559,6.5512120000000005,5.064149,6.5695
molid5870,ClCCN1CCCC(C(c2ccccc2)c2ccccc2)C1,6.877296071497429,6.049273,5.834152,5.98484
molid5877,O=c1[nH]c2ccccc2n1CCCN1CCC(n2c(=O)[nH]c3cc(Cl)ccc32)CC1,8.564649132572534,8.414394,5.7857156,6.54331
molid5889,CC(COc1ccccc1)NC(C)C(O)c1ccc(O)cc1,7.467371066917559,7.226911500000001,5.9135385000000005,6.68147
molid5893,Cc1ccc2c(c1)C1CN(CCCC(=O)c3ccc(F)cc3)CCC1N2,6.699500340161678,5.939975700000001,6.184177,6.65641
molid5896,CCNC(=O)NC(=O)C(C#N)=NOC,6.866933284461883,5.2150154,3.6411273,6.953810000000001
molid5902,CNC1=Nc2ccc(Cl)cc2C(c2ccccc2)=[N+]([O-])C1,5.971261839790463,6.244807700000001,4.357095200000001,6.19592
molid5917,CCCCCCCCCCCCCCCCOP(=O)(O)OCC[N+](C)(C)C,5.5053315359323625,7.1745906,4.238978400000001,7.8668
molid5924,NNC(=O)C(N)CS,6.956545443151567,6.445380999999999,5.507783,6.670039999999999
molid5925,Clc1cc(Cl)cc(C2(CC(Cl)(Cl)Cl)CO2)c1,7.3132203870903005,7.192982000000001,5.457878,6.17473
molid5984,O=c1c2cccnc2oc2c(Cl)cc(-c3nn[nH]n3)cc12,9.680344001221918,6.2378745,6.060134,6.5578199999999995
molid5986,Oc1ccc(N=Cc2ccccc2)cc1,8.160518247477505,7.0838637,6.261636,6.98343
molid6016,O=C(O)c1cccnc1,8.411832675758411,7.447280999999999,6.1976027,6.682239999999999
molid6049,CC(CC1CCCCC1)NCCC(c1ccccc1)c1ccccc1,7.3460102099132945,6.440116000000001,5.1940403,6.1329199999999995
molid6057,CCC1(c2cccc(O)c2)CCCCN(C)C1,7.138866999945524,5.630071,5.9644127000000005,6.7665
molid6100,CN(C)C(=O)COC(=O)Cc1ccc(OC(=O)c2ccc(NC(=N)N)cc2)cc1,8.006367567650246,7.213087,5.906777,7.21225
molid6104,CNC(N)=S,3.912023005428147,4.5747056,5.3470830000000005,6.34585
molid6130,OCCS,5.497168225293202,6.3856845,5.823408000000001,6.47662
molid6190,O=P1(N(CCCl)CCCl)NCCCO1,4.543294782270004,4.5747056,5.8467293,5.77918
molid6201,O=c1[nH]c2ccccc2n1CCCN1CCN(C(c2ccccc2)c2ccccc2)CC1,7.251344983372213,7.3956865999999994,5.8690295,6.16338
molid6260,COC(=O)c1ccco1,5.703782474656202,6.998950999999999,6.2530565000000005,7.0448699999999995
molid6270,CC1(C)CC(NCCCCCCNC2CC(C)(C)NC(C)(C)C2)CC(C)(C)N1,6.709304340258298,6.781637,6.336954599999999,7.85036
molid6273,BrC(Br)(Br)c1ccc2ccccc2n1,8.820108644508608,6.6062436,5.6253905,6.58997
molid6275,Clc1ccc(CSC(Cn2ccnc2)c2ccc(Cl)cc2Cl)cc1,7.462214939768188,7.856689500000001,4.886732,6.5729999999999995
molid6287,Cc1ccc(C(=CCN2CCCC2)c2ccccn2)cc1,6.7334018918373575,5.9058614,5.838794999999999,6.124569999999999
molid6292,COC(C)C=O,6.84587987526405,7.673869,6.6408224,7.13426
molid6303,CC1=CC(=O)OC1=O,7.863266724009573,7.181582499999999,4.624071,6.693060000000001
molid6306,O=C1CCCN1,5.793013608384143,6.574675,5.447337999999999,7.05777
molid6318,CCN(COC)N=O,6.29156913955832,6.128311,3.702439,7.5566
molid6325,O=C(O)c1cc(O)cc(C(=O)O)c1,9.325453179076687,9.062389,6.9565600000000005,6.57529
molid6345,CCOc1ccc(NC(C)=O)cc1,7.408530566894625,6.789218400000001,5.9470215,6.69802
molid6362,CC(=O)OC1CCCCC1,8.814330422638774,8.302196499999999,5.8511724,7.1531
molid6369,CCC=C(C)C=O,8.364042011922063,7.673635000000001,6.2307253,7.06027
molid6377,CCOC(=O)C=[N+]=N,5.991464547107983,5.8879423,4.9270554,7.15008
molid6390,CN=C=O,3.9415818076696905,5.939554,4.285064,7.059
molid6400,Cc1ccc(C)[nH]1,4.07753744390572,7.1206856,6.421016000000001,6.729310000000001
molid6401,O=NN(CC(F)(F)F)CC(F)(F)F,5.703782474656202,5.809074400000001,6.883571000000001,5.51246
molid6462,Nc1ccc(S(N)(=O)=O)cc1,8.268731832117737,7.368413,6.493013400000001,7.23787
molid6464,NC(=O)NC(=O)Cc1ccccc1,7.377758908227872,7.540537,4.0548735,6.6608
molid6466,NC(N)=[Se],3.912023005428147,4.5747056,2.8722572,
molid6471,O=C(CCl)c1ccc(O)cc1,5.4380793089231965,6.405691,4.2543135,6.54098
molid6475,OCC[N+](CCO)(CCO)CCO,7.718685495198466,8.455055999999999,6.408517400000001,8.22861
molid6504,O=P(OCCCl)(OCCCl)OCC(CO)(CO)COP(=O)(OCCCl)OCCCl,8.500047032581268,4.5747056,4.251506299999999,5.6816699999999996
molid6506,Nc1ccc(Cl)c([N+](=O)[O-])c1,5.991464547107983,7.3706226,5.9784136,6.39152
molid6515,CCc1oc2ccccc2c1CC(=NCCN1CCOCC1)NO,7.549609165154532,7.623742999999999,0.84044003,6.8508
molid6532,CCn1c2c(c3cc(N)ccc31)CCCC2,5.288267030694535,6.227119999999999,5.8802769999999995,6.39462
molid6558,CCOP(=O)(OCC)C(SCC)(Sc1ccccc1)P(=O)(OCC)OCC,3.1780538303479458,4.5747056,2.967191,5.90413
molid6572,C=CCOc1ccccc1C(=O)NCCO,7.047517221357295,7.1409720000000005,5.794969,6.8914100000000005
molid6580,CCC(CC)COCCOCCCN1C(=O)C2C3C=CC(C3)C2C1=O,9.159047077588633,6.0562143,5.651226,7.33253
molid6595,CC(C)(C)c1ccc(C(=O)OCC(Cl)(Cl)Cl)o1,8.294049640102028,7.171072000000001,6.125852,6.31952
molid6599,CCN(CC)C(=O)c1nnn(-c2ccc(N)cc2)c1C,6.202535517187923,6.214619,5.9256616,6.8535
molid6600,Cc1c(C(=O)O)nnn1-c1ccccc1,7.3132203870903005,6.90043,6.0175567,6.33622
molid6603,NC(=O)Nc1cccc2c3c([nH]c12)CCCC3,7.926602599181383,7.443949000000001,6.8648334,6.33511
molid6606,CC(C)CC(CC(C)C)OCCOCCO,9.068776807654396,7.766687400000001,7.3726,7.902189999999999
molid6610,CCCCCCCc1ccc(C)cc1O,8.107720061910534,7.7560587,6.60428,7.36383
molid6613,CNS(=O)(=O)c1cc(Cl)c(Cl)cc1Cl,8.536995818712418,7.3510723,4.541092400000001,6.6284600000000005
molid6617,NC(=O)Nc1ccccc1,7.601402334583732,7.638986599999999,7.3637147,6.50472
molid6637,CC[S+](C)CCSP(=O)(OC)OC,2.2823823856765264,4.5747056,4.094446,3.6351400000000003
molid6642,COc1ccc2oc(N)nc2c1,6.907755278982138,6.830921000000001,6.0695553,6.65689
molid6652,COC(=O)CCC(Cl)C(C)=O,7.625107148238901,6.600663000000001,6.311215,6.7549
molid6658,CCN(CCN(C)C)c1ccccc1,7.047517221357295,5.947613,5.677038,6.54218
molid6663,COP(=O)(OC)ON1C(=O)c2cccc3cccc(c23)C1=O,4.248495242049359,6.0560255,4.7721453,3.8630699999999996
molid6674,Nc1ccc2c3c([nH]c2c1)CCCC3,5.66988092298052,6.794333,6.0894637000000005,6.34924
molid6680,CC(C)C(Br)C(=O)OC(C)C(Cl)(Cl)Cl,7.090076835776093,7.398382000000001,5.4412937,6.04479
molid6683,Cc1cc(CC(=O)O)n(C)c1C(=O)c1ccc(Cl)cc1,3.2958368660043287,6.181636,6.015249,6.661519999999999
molid6686,Cc1cn(-c2cc(N)cc(C(F)(F)F)c2)cn1,3.912023005428147,6.6716933,5.6189356,5.99723
molid6702,CC(C)c1ccccc1N,7.0732697174597075,6.4770927,5.8674383,6.748360000000001
molid6778,CC(=O)C(c1ccccc1)N1CCN(CCOc2ccccc2)CC1,6.684611727667928,6.1443543,6.3746557,6.5394
molid6811,O=[N+]([O-])c1cc2nc(C(F)(F)F)[nH]c2cc1Cl,1.7132572410730975,4.5747056,2.362942,4.19273
molid6821,CCCOC(=O)COc1cccc(C(C)(C)C)c1,7.495541943884256,7.26974,6.790369,7.13812
molid6826,NC(=O)C(=O)O,9.959016862328607,7.2834970000000006,6.8249345,7.008439999999999
molid6838,C[N+](C)(C)CC(O)CC(=O)O,8.837826364007704,7.870706599999999,5.483357,7.2969800000000005
molid6846,C=CC1(C)CC(=O)C2(O)C(C)(O1)C(OC(C)=O)C(O)C1C(C)(C)CCC(O)C12C,7.843848638152473,5.648937999999999,5.812829499999999,6.5895399999999995
molid6868,CNC(=N)NC(=O)Nc1c(C)cccc1C,5.214935757608987,6.9311039999999995,5.475043299999999,6.654560000000001
molid6872,C=CCSC(C)C1(CC=C)C(=O)N=C(O)NC1=O,5.846438775057725,5.3857756,5.519936599999999,6.03391
molid6873,C=CCC1(C(C)SCCCC)C(=O)N=C(O)NC1=O,6.4599044543775355,5.643165,5.426871299999999,4.80104
molid6876,CN=C(O)Sc1ccc(OS(C)(=O)=O)cc1,4.718498871295094,6.068677,4.5518236,7.21599
molid6897,CC(C(O)c1ccccc1)N(C)CCC#N,6.84587987526405,6.452526,6.2727949999999995,6.298690000000001
molid6916,CC1CC(C)(C)CC(OOC(C)(C)C)(OOC(C)(C)C)C1,9.46637696659242,8.063539,6.243949,7.4485600000000005
molid6984,CCN(CC)c1ccc(-c2nc(=O)n(C)nc2-c2ccc(N(CC)CC)cc2)cc1,6.476972362889682,6.4159727,5.9951870000000005,6.06875
molid7005,Nc1nc(=S)ss1,8.022896869601457,5.8097386,6.191581200000001,5.20921
molid7018,CCN1CCCC1CNS(=O)(=O)c1cc(Cl)c(N)cc1OC,7.3132203870903005,6.360898000000001,6.2189345000000005,7.5677
molid7021,CC(c1ccccc1)N(C)N=O,6.396929655216146,6.1787540000000005,5.245569000000001,6.51839
molid7028,CN(SSN(C)C(=O)ON=C1CSCCS1)C(=O)ON=C1CSCCS1,5.0751738152338275,4.5747056,2.5748942,5.2487699999999995
molid7029,CSC(C)=NOC(=O)N(C)SSN(C)C(=O)ON=C(C)SC,5.247024072160486,4.5747056,4.4369693,5.08067
molid7030,CC(=NOC(=O)N(C)SSN(C)C(=O)ON=C(C)SCCC#N)SCCC#N,4.382026634673881,4.5747056,5.4573279999999995,6.07139
molid7032,CCSP(SCC)SCC,5.872117789475416,4.5747056,2.9629092,5.46076
molid7060,COP(=O)(OC)OP(=O)(OC)OC,0.5306282510621704,4.5747056,5.1075797,4.629659999999999
molid7066,O=[N+]([O-])C(Br)(Br)CO,3.370738174177447,6.045237,5.492051999999999,6.476369999999999
molid7106,CSC(C)(C)C=NOC(=O)N(C)SN(C)Cc1ccccc1,2.2407096892759584,4.5747423,5.0284867,5.54493
molid7107,CCCCN(CCCC)SN(C)C(=O)ON=CC(C)(C)SC,2.525728644308256,5.1426334,4.6829457,5.385759999999999
molid7116,COC(=O)C(C)Oc1ccc(Oc2ncc(C(F)(F)F)cc2Cl)cc1,5.973809611869261,7.1425149999999995,6.441180999999999,6.728610000000001
molid7130,CN(N=O)C(=N)N[N+](=O)[O-],4.499809670330262,5.9882565,3.8123097,6.91782
molid7140,O=C(O)CC1(CO)CCCCC1,2.995732273553992,7.712360400000001,6.8099256,7.29104
molid7143,CC(C)C(C(=O)OC(C#N)c1cccc(Oc2ccccc2)c1)c1ccc(OC(F)F)cc1,4.204692619390967,5.593511599999999,4.054786,5.46775
molid7179,CCN1CC(CCN2CCOCC2)C(c2ccccc2)(c2ccccc2)C1=O,5.564520407322693,5.833641,5.355733,6.11649
molid7187,O=C(Cn1ccnc1)c1ccc2ccccc2c1,6.222576268071369,7.30351,5.9100470000000005,6.5316
molid7195,CCCCO,6.672032945461067,7.8069553,7.3352113,7.251060000000001
molid7205,CC(C)N=C1SC(=NOC(=O)N(C)SN(C)C(=O)ON=C2SC(=NC(C)C)SC2(C)C)C(C)(C)S1,4.727387818712341,4.5747056,2.6714537,5.9031199999999995
molid7240,Cc1ccccc1C(=O)NC1=NCCS1,6.815639990074331,5.510461,6.336547400000001,5.94121
molid7242,Nc1ncnc(Nc2cccc(Cl)c2)n1,5.991464547107983,6.6501493,6.4449983,6.4330099999999995
molid7245,CSc1ccc(C(=O)C(C)(C)N2CCOCC2)cc1,7.2834482287566304,6.756625,5.7568903,4.66792
molid7253,NC(=O)C1c2ccccc2CCc2ccccc21,7.783224016336037,7.2060766,4.348207,6.23372
molid7275,CC(C)Cc1cccc2c(CC(=O)O)cccc12,6.396929655216146,6.689497,4.8331175,6.4052
molid7282,CN(C)N=Nc1ccccc1,5.736572297479192,5.4870834,3.8371459999999997,6.688680000000001
molid7295,CN(C)N=Nc1ccc(Br)cc1,6.0473721790462776,5.4402018,3.3016330000000003,6.354019999999999
molid7301,CN1CCN(CCCCOc2ccccc2C=Cc2ccccc2)CC1,7.7406644019172415,6.024087000000001,5.7682033,7.608789999999999
molid7338,CCOCc1cnc(C)nc1N,7.279318835414621,5.933862,5.8397144999999995,6.91125
molid7340,NCCCOCCCCOCCCN,8.146129510025405,7.549153,6.382267,8.39321
molid7382,COc1ccc(C(=O)CCC(=O)O)c2c(C)c(C)oc12,7.687080155783135,6.942504400000001,5.896815,6.57626
molid7384,COc1ccc(C(=O)CCC(=O)O)c2cc(C)oc12,7.67786350067821,6.9655957,6.1688137,6.830539999999999
molid7389,OCC1OC(N2CCN(C3OC(CO)C(O)C(O)C3O)CC2)C(O)C(O)C1O,10.308952660644293,9.122025500000001,6.137452,8.142510000000001
molid7422,CI,4.330733340286331,6.1909695,4.2513385,6.279669999999999
molid7424,BrCBr,4.68213122712422,6.298255999999999,4.778414,5.90376
molid7426,ClCBr,8.517393171418902,5.969899,4.73068,5.714230000000001
molid7479,CC(=O)N(CCN(C)C)n1cc(-c2ccccc2)c2ccccc21,7.0030654587864625,6.218537,5.2886375999999995,6.1879599999999995
molid7494,CCCC(=O)C(CC)Cc1ccccc1,8.389359819906353,7.055600599999999,6.63647,6.63028
molid7499,CCOC(C(=O)O)(c1ccccc1)c1ccccc1,6.907755278982138,6.791005999999999,6.712116,6.34457
molid7509,C1CO1,4.276666119016055,6.498482,5.842478,6.910019999999999
molid7522,CC(C)(C)N,3.7841896339182615,6.187093,5.184172,7.041360000000001
molid7523,CC(C)(C)O,7.916807490937603,6.133017,6.602959599999999,7.12082
molid7524,CC(C)(C)S,8.461469042643875,6.950558999999999,5.5659757,5.1273
molid7531,O=CC(Cl)(Cl)Cl,6.173786103901937,6.586865400000001,4.9030776,6.36528
molid7541,c1ccc(C2CCCCC2)c(OCC2CNCCO2)c1,7.021083964289137,7.1678,5.9238,6.63865
molid7561,CCC1(O)CC(OC2CC(N(C)C)C(OC3CC(O)C(OC4CCC(=O)C(C)O4)C(C)O3)C(C)O2)c2c(cc3c(c2O)C(=O)c2c(O)cccc2C3=O)C1C(=O)OC,4.0700518696530565,6.11679,6.413289,6.22246
molid7588,O=C(Cl)C(Cl)(Cl)Cl,6.396929655216146,6.623675,5.739065,6.32766
molid7611,C#CCCC#CC#CCCCCO,5.521460917862246,7.373495,6.919291,7.477310000000001
molid7635,NC12CC3CC(CC(C3)C1)C2,6.802394763324312,7.015111,5.720499,6.87568
molid7636,CC1CC=CC=CC=CC=CC(OC2OC(C)C(O)C(N)C2O)CC2OC(O)(CC(O)CC3OC3C=CC(=O)O1)CC(O)C2C(=O)O,7.912056888179006,4.5947347,5.887771599999999,6.5003400000000005
molid7637,FC(F)(F)c1nc2c(Br)c(Br)c(Br)cc2[nH]1,1.9714386491281808,4.5747056,2.117998,3.26757
molid7640,NC(Cl)c1nc(Cl)c(Cl)c(Cl)c1Cl,7.080026499922591,6.8537464,5.512511,6.23114
molid7648,CNC(=C[N+](=O)[O-])NCCSCc1csc(CN(C)C)n1,7.410347097821022,5.260603,4.778683,5.72716
molid7674,NC1CCN(c2cccc(Cl)n2)CC1,5.247024072160486,5.606072,5.858302,6.4673
molid7694,Cn1cccc1C(=O)C(C#N)C(=O)Nc1ccccc1,6.976348070447749,5.318969200000001,2.9247377,6.26809
molid7724,Cc1ccc(OP(=O)(Oc2ccc(C)cc2)Oc2ccc(C)cc2)cc1,9.457200449907708,7.350179700000001,4.511165599999999,7.26368
molid7728,CCCCC(CC)COP(=O)(OCC(CC)CCCC)OCC(CC)CCCC,10.518673191626359,8.886877,6.5005736,8.74595
molid7737,CCC(C)(O)C#CC(C)(O)CC,7.244227515603349,7.0043893,6.9385580000000004,7.0937
molid7746,CC(Cl)CCl,7.574045005372199,6.390743,4.4439106,6.24783
molid7751,CC(=O)CCl,4.605170185988092,5.893377,4.451877,6.16547
molid7760,CCOCN(C(=O)CCl)c1c(C)cccc1OC(C)C,7.90100705199242,7.0419617,4.066704,6.37785
molid7783,CCc1c(C)[nH]c2c1C(=O)C1CN(C)CCC1C2,5.393627546352364,5.509972599999999,5.932035,6.41055
molid7789,CN(C)C1c2ccccc2NC(=O)c2ccccc21,7.601402334583732,6.815759,5.689589499999999,6.227519999999999
molid7794,O=C(Cl)CCl,5.337538079701318,5.4379478,4.585273,5.60625
molid7836,CCCCCOc1ccc(C2SC(=O)NC2=O)cc1OCC,8.373322820996535,6.0747333,5.166512,6.902010000000001
molid7842,COP(=O)(OC)SC(C)(C)C,4.149463861443181,4.6959987000000005,2.8489797,3.8531199999999997
molid7849,O=S(=O)(c1ccc(O)cc1)c1ccc(O)cc1,7.9480319906372845,9.311867,6.838366000000001,7.08472
molid7850,Cc1ccc(S(=O)(=O)N(C)N=O)cc1,7.90100705199242,7.229405,5.9075527,6.2914699999999995
molid7852,CC(=O)OC(C)(C)C1CC=C(C)CC1,8.532081803909987,8.465271000000001,6.1402426,7.25668
molid7895,CC(C(=O)O)c1ccc(CC2CCCC2=O)cc1,4.976733742420574,6.529912,4.2402086,6.28005
molid7923,O=C1CCc2cc(C=CCN3CCN(c4cccc(Cl)c4)CC3)ccc2N1,6.214608098422191,6.284174,5.2000775,6.30896
molid7972,C=C(C)C(C)=O,5.1929568508902095,7.024116,6.0660973,6.93915
molid7979,CCCN(N=O)C(N)=O,6.173786103901937,6.3420467,4.5028434,7.17612
molid7984,CC1(C)CON(Cc2ccccc2Cl)C1=O,7.22183582528845,6.1496305,5.2711377,6.74852
molid7986,Cn1cnc2c1c(=O)n(CCCN1CCN(c3ccc(Cl)c(Cl)c3)CC1)c(=O)n2C,7.601402334583732,6.210822599999999,4.389796700000001,6.695710000000001
molid8002,Cc1c[nH]cn1,6.621405651764134,6.941663,6.38336,6.593560000000001
molid8027,COc1cc(C2NC(=O)CCS2)cc(OC)c1OC,8.594154232552366,6.677269,5.7656426,6.4793400000000005
molid8059,C=CC(CCC(=O)O)OC(C)=O,6.297109319933933,7.512634299999999,5.114569,7.26249
molid8097,CCCCOC(=O)c1ccccc1C(=O)OCCCC,8.748304912379622,8.503771,7.14475,7.25208
molid8119,CN(c1ccc(Cl)cc1Cl)c1c([N+](=O)[O-])cc([N+](=O)[O-])cc1C(F)(F)F,1.5040773967762742,5.839757,0.9859836999999999,6.57758
molid8134,CCC12CCCN3CCc4c(n(c5cc(Br)ccc45)C(O)(C(=O)OC)C1)C32,7.463363045520022,5.71595,4.319989,
molid8148,OC(CCl)CNc1ccccc1NCC(O)CCl,6.802394763324312,6.3518615,3.4158218000000002,5.654719999999999
molid8151,O=c1oc2ccccc2c2ncccc12,7.601402334583732,5.8388032999999995,0.43608075,6.33524
molid8220,O=C(Nc1ccc(Br)cc1)c1cc(Br)ccc1O,6.016157159698354,6.902544,6.421078700000001,6.0774
molid8235,COCc1cc(C(C)(C)C)c(O)c(C(C)(C)C)c1,9.273315171137572,7.610978,6.288078,6.92373
molid8248,CC=CCOCN(C(=O)CCl)c1c(CC)cccc1CC,7.396335293800808,6.972716,3.8494036,6.54716
molid8273,CCCCc1c(OC(=O)C23CC4CC(CC(C4)C2)C3)n(-c2ccccc2)n(-c2ccccc2)c1=O,7.437206366871292,5.6045427000000005,4.9372144,6.00579
molid8299,CCOC(=O)C1=C(C)NC(C)=C(C(=O)OCC)C1C1=COCCO1,7.601402334583732,7.931521400000001,5.944928599999999,6.14663
molid8311,Cc1cccc(C)c1NC(=O)C1(N(C)C)CCN(C2CCCCC2O)CC1,1.574846467664481,6.724918,5.9151034000000005,6.6933300000000004
molid8316,CC#CCC(C)C(O)C=CC1C(O)CC2Oc3c(CCCC(=O)O)cccc3C21,2.4849066497880004,6.3728456,4.3791385,6.30856
molid8317,CN1CCc2ccccc21,7.1308988302963465,6.0582495000000005,5.622041,6.6760600000000005
molid8357,Cc1ccc(C(C)C)c(O)c1,6.887552571664617,7.248111,6.3252234000000005,6.64332
molid8359,Cc1ccc([N+](=O)[O-])c(C)c1,7.432483807917119,7.624960000000001,5.606289,6.6671
molid8361,O=C(O)CCC1(Cc2ccccc2)CCCCC1=O,7.601402334583732,6.5028553,6.335015,6.2619
molid8378,Fc1cc(Br)c2nc(C(F)(F)F)[nH]c2c1,1.7311244306906997,4.5747056,1.9507116999999998,2.95453
molid8380,FC(F)(F)c1nc2c(Cl)cc(I)cc2[nH]1,0.3667242797917339,4.5747056,2.2390337000000002,4.3758099999999995
molid8387,Cc1ccc2[nH]c(C(F)(F)F)nc2c1[N+](=O)[O-],2.0479508745884654,4.589336,3.4644446,4.00747
molid8393,CCNC(=O)Oc1c(Cl)c(Cl)cc2[nH]c(C(F)(F)F)nc12,4.634728988229637,4.5747056,3.1898372000000004,4.47792
molid8394,CN(C)C(=O)Oc1c(Cl)c(Cl)cc2[nH]c(C(F)(F)F)nc12,3.7135720667043084,4.5747056,2.5548966,4.4810300000000005
molid8428,CCCSP(=O)(OCC)Oc1cnn(-c2ccc(Cl)cc2)c1,5.468060141135132,4.588439,3.7617621,5.26621
molid8463,CCCCCCCCCCCCCCCCCCOCCO,7.549609165154532,8.124622,8.040039,8.944469999999999
molid8472,CCCSP(=O)(CC)OC,0.9162907318741552,4.5747056,3.3897192000000005,3.7175199999999995
molid8476,COc1cc(NC(=O)C(N=Nc2ccc(-c3ccc(N=NC(C(C)=O)C(=O)Nc4ccc(C)cc4C)c(Cl)c3)cc2Cl)C(C)=O)c(OC)cc1Cl,7.708859601047175,8.366659,7.328091000000001,6.5719199999999995
molid8513,O=S(=O)(O)c1ccc2c(N=Nc3ccc(S(=O)(=O)O)c4ccccc34)c(O)c(S(=O)(=O)O)cc2c1,8.699514748210191,9.407124000000001,7.748989999999999,10.0422
molid8520,C=CC(C)(O)CC,6.551080335043403,6.7332773,5.94222,6.956930000000001
molid8534,COCCNC(=O)CSP(=S)(OC)OC,6.040254711277415,4.9461517,3.9539828000000004,4.5016300000000005
molid8541,O=C1CCN(c2ccccc2)N1,5.298317366548036,5.890403,5.893536599999999,6.534619999999999
molid8574,CCCCN(C)C,5.214935757608987,6.703477400000001,6.1536055,7.45805
molid8578,O=C(O)CNCC(=O)O,8.995908761263994,8.151221000000001,6.2734203,7.27128
molid8589,COc1ccccc1OCC(O)CO,7.319864929808968,7.692679400000001,6.6340923,6.6224300000000005
molid8620,CNC(=O)ON=C1SC(C)(C)SC1C,0.01980262729617973,4.5747056,2.5778484,4.74262
molid8639,CC(C)CCOC(=O)c1ccccc1,8.753055515138223,7.8350425,7.146395,7.1501600000000005
molid8651,CC=Cc1ccc(OCC)c(O)c1,7.783224016336037,6.4291,5.9545884000000004,6.6280399999999995
molid8660,COc1nc(C)nc(NC(=O)NS(=O)(=O)c2ccccc2CCC(F)(F)F)n1,6.893656354602635,8.129555,3.8962834,6.614380000000001
molid8663,c1ccc2c3c([nH]c2c1)CCCC3,7.882314918980267,7.2550488,5.831334,6.42335
molid8673,O=[N+]([O-])C=C1SCCN1Cc1ccccc1,6.907755278982138,6.021415,4.261149,5.240819999999999
molid8689,Cc1ccccc1Cl,8.268731832117737,7.437058400000001,5.856904,6.46109
molid8691,Nc1ccccc1Cl,6.923628628138427,6.6468039999999995,6.220379,6.45657
molid8701,Nc1ccc(Cl)c(Cl)c1,6.272877006546168,6.7233089999999995,6.1160417,6.3747300000000005
molid8706,Nc1cc(Cl)ccc1O,6.536691597591305,6.767167999999999,6.047142,6.71485
molid8749,O=C1OCCO1,9.210340371976184,6.2694893,6.2201247,7.2208
molid8750,Nc1nccs1,6.173786103901937,6.265287,6.5779796,5.33016
molid8751,S=C1NCCS1,5.703782474656202,5.869733,5.0748205,5.22728
molid8752,Cc1cc(Sc2cc(C)c(O)c(C(C)(C)C)c2)cc(C(C)(C)C)c1O,8.754634047431272,7.290354700000001,6.0789165,6.873360000000001
molid8797,CN1CCC(=C2c3ccccc3C=Cc3ccccc32)CC1,5.68697535633982,6.293689,5.819407,6.06171
molid8798,Nc1ccc([N+](=O)[O-])cc1[N+](=O)[O-],5.6524891802686525,7.433878999999999,5.487725,6.5452900000000005
molid8808,CC=Cc1ccc(O)c(OC)c1,7.352441100243581,6.89388,5.9000154,6.63517
molid8810,C=C(C)C(=O)OCC,9.602382459752207,6.975608,6.1965069999999995,7.18479
molid8818,C=C(C)C(=O)OCCCC,9.680344001221918,7.5502715,6.4227414000000005,7.504860000000001
molid8824,OC1(c2ccc(Cl)cc2)N=CN[n+]2ccc3ccccc3c21,7.170119543449628,6.5150795,5.6301309999999996,6.11564
molid8875,CC(C)(C)NC(=O)C1CCC2C3CCC4NC(=O)C=CC4(C)C3CCC12C,6.035481432524756,6.365973,5.635584,6.6121300000000005
molid8940,C=C(C)C1CC=C(C)C(O)C1,8.006367567650246,7.285786,6.017394,6.94888
molid8950,CCOC(=O)c1ccc([N+](=O)[O-])cc1,7.886081401775745,6.2874336,5.906557,6.59045
molid8982,CCCSP(C)(=O)SCCC,0.5766133643039938,4.5747056,3.1845748,3.8966800000000004
molid8990,CCO[PH](=S)OCC,5.298317366548036,5.1680355,6.119599,4.5465599999999995
